Recipe_name,tip_description
Apples and Oranges,"To enhance the flavor, try adding a sprinkle of cinnamon or nutmeg to the apple and orange mix."
Baigan Chokha,"Roast the eggplant over an open flame to give it a smoky flavor, which is traditional in Baigan Chokha."
Best Deviled Eggs,"For a twist, add some finely chopped pickles or jalapenos to the yolk mixture for extra crunch and flavor."
Braised Chicken Legs With Grapes and Fennel,Use a mix of red and green grapes to add color and a balance of sweet and tart flavors to the dish.
Buss Up Shut (Paratha Roti),"Cook the roti on medium-high heat to get the perfect balance of a soft interior and crispy, flaky exterior."
Butternut Squash and Apple Soup,Roasting the butternut squash and apples before adding them to the soup can deepen the flavors.
Caesar Salad Roast Chicken,Rub the chicken with the Caesar dressing underneath the skin for maximum flavor infusion.
Caramelized Plantain Parfait,Use ripe plantains for the best caramelization and a naturally sweet flavor.
Chhena Poda (Spiced Cheesecake),Let the cheesecake rest overnight to enhance the blend of spices and flavors.
Chicken and Potato Gratin With Brown Butter Cream,Brown the butter until it has a nutty aroma to add a rich depth of flavor to the cream sauce.
Chicken and Rice With Leeks and Salsa Verde,Toast the rice slightly before adding liquid to give it a nutty flavor.
Chicken Pelau,"Caramelize the sugar well to get a deep, rich color and flavor in the pelau."
Coconut-Creamed Corn and Grains,Use fresh corn kernels for a sweeter and juicier texture in the dish.
Creole Cream Cheese,"Drain the cream cheese overnight to achieve a thicker, creamier consistency."
Creole Cream Cheesecake With Caramel-Apple Topping,Allow the cheesecake to cool completely before adding the caramel-apple topping to prevent it from sliding off.
Crispy Salt and Pepper Potatoes,Boil the potatoes with a bit of baking soda to help create an extra crispy exterior when roasted.
Dad’s Curried Chicken,Marinate the chicken overnight to allow the spices to penetrate deeply for a more flavorful curry.
Drunk Apricot Shito (Ghanaian Hot Pepper Sauce),Use dried apricots for a more concentrated flavor in the sauce.
Enfrijoladas,Use homemade refried beans for a more authentic and rich flavor.
Gorditas con Camarones,Press the gorditas thin enough to cook through but thick enough to hold the shrimp filling without breaking.
Green Seasoning,Blend the seasoning with a bit of oil to help it mix evenly and preserve longer.
Hot Pimento Cheese Dip,Serve the dip warm for the best creamy texture and flavor.
Iced Café de Olla,Use piloncillo (Mexican unrefined cane sugar) for an authentic and rich sweetness.
Instant Pot Lamb Haleem,Use bone-in lamb pieces to enhance the flavor of the haleem.
Italian Sausage and Bread Stuffing,Toast the bread cubes before mixing to help them hold their shape and absorb flavors better.
Kale and Pumpkin Falafels With Pickled Carrot Slaw,Squeeze out excess moisture from the kale to prevent the falafels from becoming soggy.
Mango Curry,Use ripe mangoes for a natural sweetness that balances the spices in the curry.
Maple and Chile Roasted Squash With Quinoa Tabouli,Roast the squash until caramelized for added sweetness and depth of flavor.
Maple Barbecue Grilled Chicken,Marinate the chicken in the maple barbecue sauce for at least 4 hours for the best flavor infusion.
Maple-Roasted Acorn Squash,Cut the squash into even slices to ensure they cook evenly.
Miso-Butter Roast Chicken With Acorn Squash Panzanella,Toss the panzanella bread cubes in the chicken drippings for added flavor.
Miso-Squash Ramen,Roast the squash with a bit of miso paste to deepen its flavor before adding to the ramen.
Newton's Law,Serve this dessert chilled for the best texture and flavor contrast.
Old-Fashioned Scalloped Potatoes,Layer the potatoes thinly and evenly to ensure they cook through properly.
Our Favorite Creamy Mashed Potatoes,"Use a potato ricer for the smoothest, lump-free mashed potatoes."
Paneer,Press the paneer with a heavy weight to achieve a firm texture that holds up well in cooking.
Paneer With Burst Cherry Tomato Sauce,"Cook the cherry tomatoes until they burst to create a rich, flavorful sauce."
Papaya-and-Cubeb-Marinated Snapper With Baked Yam Chips,Marinate the snapper for at least an hour to allow the flavors to penetrate the fish.
Pita,Use a hot baking stone to get the best puff and texture in your pita bread.
Pumpkin Dutch Baby With Pumpkin Butter,Serve the Dutch baby immediately out of the oven for the best puff and texture.
R-Rated Onions,"Caramelize the onions slowly over low heat for a deep, sweet flavor."
Remember the Alimony,"Serve this cocktail with a twist of lemon for a bright, citrusy finish."
Roasted Beets With Crispy Sunchokes and Pickled Orange-Ginger Purée,Roast the beets with a bit of vinegar to enhance their natural sweetness.
Salt-and-Pepper Fish,Pat the fish dry before frying to ensure a crispy crust.
Sesame-Scallion Chicken Salad,Toast the sesame seeds before adding to the salad for a more pronounced flavor.
Shrimp Creole,Use fresh shrimp for the best texture and flavor in the Creole sauce.
Sloppy Joe Shirred Eggs With Spinach,Cook the spinach until just wilted to retain its vibrant color and nutrients.
Spiced Lamb and Dill Yogurt Pasta,Mix the pasta with the yogurt sauce while still warm to help it absorb the flavors better.
Spiced Lentil and Caramelized Onion Baked Eggs,Caramelize the onions until they are deeply golden for the best flavor contrast with the lentils.
Spicy Coconut Pumpkin Soup,Use full-fat coconut milk for a richer and creamier soup.
Spiral Ham in the Slow Cooker,Baste the ham regularly with its juices to keep it moist and flavorful.
Summer Bean Soup With Tomato Brown Butter,Brown the butter until it is deeply golden for a nutty flavor that complements the tomatoes.
Thanksgiving Mac and Cheese,Use a mix of cheeses for a more complex flavor and creamier texture.
Tomato and Roasted Garlic Pie,Roast the garlic until soft and sweet before adding to the pie for a deeper flavor.
Tomato Brown Butter,Cook the tomatoes until they release their juices and caramelize slightly for a richer sauce.
Trinidad Curry Powder,Toast the spices before grinding to release their essential oils and enhance the flavor.
Turmeric Hot Toddy,Use fresh turmeric root for a more vibrant color and flavor.
Veselka's Famous Borscht,Add a splash of vinegar at the end to brighten the flavors of the borscht.
Warm Comfort,Serve this drink hot to enjoy the full range of its comforting flavors.
Yogurt and Spice Roasted Salmon,Marinate the salmon in the yogurt and spice mixture for at least 30 minutes to let the flavors penetrate the fish.
